<!-- Estimates population size moments from the stochastic version of
     the basic model of within-host virus dynamics, conditioning on
     chronic infection. -->

<beast version='2.0' namespace='master.beast:beast.core.parameter'>
  <run spec='EnsembleSummary'
       nSamples="1001"
       nTraj="1000"
       simulationTime='10'>

    <stepper spec='TauLeapingStepper' stepSize='0.01'/>

    <model spec='Model' id='model'>
      <population spec='Population' id='X' populationName='X'/>
      <population spec='Population' id='Y' populationName='Y'/>
      <population spec='Population' id='V' populationName='V'/>
      
      <reaction spec='Reaction' reactionName="CellBirth" rate="2.5e8">
	0 -> X
      </reaction>
      <reaction spec='Reaction' reactionName="Infection" rate="5e-13">
	X + V -> Y
      </reaction>
      <reaction spec='Reaction' reactionName="NewVirion" rate="1e3">
	Y -> Y + V
      </reaction>
      <reactionGroup spec='ReactionGroup' reactionGroupName="Death">
	<reaction spec='Reaction' rate="1e-3">
	  X -> 0
	</reaction>
	<reaction spec='Reaction' rate="1">
	  Y -> 0
	</reaction>
	<reaction spec='Reaction' rate="3">
	  V -> 0
	</reaction>
      </reactionGroup>      
    </model>

    <populationEndCondition spec='PopulationEndCondition'
			    threshold="0"
			    exceedCondition="false"
			    isRejection="true">
      <population idref='Y'/>
      <population idref='V'/>
    </populationEndCondition>

    <initialState spec='InitState'>
      <populationSize spec='PopulationSize' population='@X' size='2.5e11'/>
      <populationSize spec='PopulationSize' population='@V' size='1'/>
    </initialState>
    
    <moment spec='Moment' momentName='X'>
      <factor idref='X'/>
    </moment>
    
    <moment spec='Moment' momentName='Y'>
      <factor idref='Y'/>
    </moment>

    <moment spec='Moment' momentName='V'>
      <factor idref='V'/>
    </moment>

    <moment spec='Moment' momentName='YV'>
      <factor idref='Y'/>
      <factor idref='V'/>
    </moment>

    <output spec='JsonOutput' fileName='HIV_output_cond.json'/>
  </run>
</beast>
