<!-- Test stochastic simulation specification -->

<beast version='2.0' namespace='master.beast:beast.core.parameter'>
    <run spec='EnsembleSummary'
         simulationTime='5'
         nSamples='1001'
         nTraj='1000'
         seed='53'>

        <stepper spec='TauLeapingStepper' stepSize="0.01"/>
        <!-- <stepper spec='GillespieStepper' /> -->
        
        <model spec='Model' id='model'>
            <population spec='Population' id='S' populationName='S'/>
            <population spec='Population' id='I' populationName='I'/>
            <reaction spec='Reaction' reactionName="Infection" rate="0.005">
                S + I -> 2I
            </reaction>
            <reaction spec='Reaction' reactionName="Recovery" rate="0.5">
                I -> S
            </reaction>
        </model>

        <initialState spec='InitState'>
            <populationSize spec='PopulationSize' population='@S' size='999'/>
            <populationSize spec='PopulationSize' population='@I' size='1'/>
        </initialState>

        <moment spec='Moment' momentName='S'>
            <factor idref='S'/>
        </moment>
        
        <moment spec='Moment' momentName='I'>
            <factor idref='I'/>
        </moment>
        
        <output spec='JsonOutput' fileName='SIS_out.json'/>
    </run>
</beast>
