<!-- Single stochastic logistic model population size trajectory.  -->

<beast version='2.0' namespace='master.beast:beast.core.parameter'>
    <run spec='Trajectory'
         simulationTime='20'
         verbosity='1'>
        
        <!-- <stepper spec='TauLeapingStepper' stepSize="0.01" /> -->
        <stepper spec='GillespieStepper' />

        <model spec='Model' id='model'>
            <population spec='Population' populationName="X" id='X'/>
            <reaction spec='Reaction' reactionName="Birth" rate="1.0">
                X -> 2X
            </reaction>
            <reaction spec='Reaction' reactionName="Death" rate="0.01">
                2X -> X
            </reaction>
        </model>

        <initialState spec='InitState'>
            <populationSize spec='PopulationSize' population="@X" size='1'/>
        </initialState>
        
        <output spec='JsonOutput' fileName='StochasticLogistic_out.json'/>
    </run>
</beast>
