<!-- Estimate moments of the size of a population evolving under
     a stochastic logistic growth model. -->

<beast version='2.0' namespace='master.beast:beast.core.parameter'>
    <run spec='EnsembleSummary'
         simulationTime='20'
         nSamples='1001'
         nTraj='1000'
         seed='53'
         verbosity='1'>
        
        <stepper spec='TauLeapingStepper' stepSize="0.01" />
        <!-- <stepper spec='GillespieStepper' /> -->

        <model spec='Model' id='model'>
            <population spec='Population' populationName="X" id='X'/>
            <reaction spec='Reaction' reactionName="Birth" rate="1.0">
                X -> 2X
            </reaction>
            <reaction spec='Reaction' reactionName="Death" rate="0.01">
                2X -> X
            </reaction>
        </model>

        <initialState spec='InitState'>
            <populationSize spec='PopulationSize' population='@X' size='1'/>
        </initialState>

        <moment spec='Moment' momentName='X'>
            <factor idref='X'/>
        </moment>

	<moment spec='Moment' momentName='Xsq'>
	  <factor idref='X'/>
	  <factor idref='X'/>
	</moment>
        
        <output spec='JsonOutput' fileName='StochasticLogisticSummary_out.json'/>
    </run>
</beast>
